id,system,response,is_hallucination
1,CIS,Insufficient information.,0
1,Google,Insufficient information.,0
2,CIS,Insufficient information.,0
2,Google,Insufficient information.,0
3,CIS,Insufficient information.,0
3,Google,Insufficient information.,0
4,CIS,Insufficient information.,0
4,Google,"がんに関する各種指定医療機関、がんに関する相談 - 横浜市
がん患者やご家族、あるいは地域の方々からのがんに関するご相談を無料でお受けする窓口で、がん診療連携拠点病院や神奈川県がん診療連携指定病院に設置 ...",0
5,CIS,大腸がんは、大腸（結腸・直腸）に発生するがんで、日本人ではS状結腸と直腸にできやすいといわれています。早期の段階では自覚症状はほとんどありませんが、進行すると便に血が混じる（血便や下血）、便の表面に血液が付着するなどの症状が現れます。検査では、直腸指診や注腸造影検査、大腸内視鏡検査を行い、がんかどうかを確定します。治療には内視鏡治療、手術（外科治療）、薬物療法、免疫療法、放射線治療などがあります。治療後は定期的に通院して検査を受け、がんのステージや治療法によって検査頻度が決定されます。,0
5,Google,治療法には、内視鏡治療、手術、薬物療法、免疫療法、放射線治療があります。治療後は、定期的に通院して検査を受けます。 Insufficient information.,0
6,CIS,Insufficient information.,0
6,Google,手術や放射線治療、化学療法、抗がん剤を組み合わせたり単独で行うことがあります。Ⅰ、Ⅱ期の患者さんは手術が基本となりますが、広がっている場合や手術が難しい場合は他の治療法も考えられます。,0
7,CIS,治療の選択についてわかりやすく説明する情報は提供されていません。Insufficient information.,0
7,Google,Insufficient information.,0
8,CIS,Insufficient information.,0
8,Google,食道を温存できる内視鏡的切除が標準治療として推奨されています。,0
9,CIS,治療法についてわからないことや疑問に思うことは、遠慮せずに医師に質問しましょう。治療法は、薬物療法、手術、放射線治療などがあります。治療法は、がんの種類や進行度によって異なります。治療法の選択は、担当医とよく話し合い、自分に合った方法を見つけることが大切です。,0
9,Google,手術療法、放射線療法、化学療法（抗がん剤治療）の3つがん治療の主な方法です。,0
10,CIS,免疫療法は、免疫ががん細胞を攻撃する力を保つ治療法です。効果が証明された免疫療法では、免疫チェックポイント阻害薬という薬を使用します。この薬は、がん細胞を攻撃する力を保つことで、免疫ががんを攻撃する力を高める働きがあります。治療が行えるがんの種類によって異なるので、担当医に相談してください。,0
10,Google,免疫療法は、患者さん自身の免疫の力を利用してがんを攻撃する治療法です。,0
11,CIS,治療法についてわからないことや疑問に思うことは、遠慮せずに医師に質問しましょう。 Insufficient information.,0
11,Google,Insufficient information.,0
12,CIS,家族ががんと診断された時の接し方についておしえてください。,0
12,Google,まずは、身近な人ががんになったときの接し方について三つの大切なポイントを解説します。 できるだけこれまで通りに接する. 身近な人ががんになったと ...,0
13,CIS,"- 医療費の負担を軽くする公的制度が存在する
- 介護保険を利用することでサービスを受けられる
- 自己負担が必要であり、所得の低い方や高額利用者には負担軽減措置がある
- 医療費控除の対象となる費用がある
- 介護サービスを受ける場合、ケアプランを作成する介護保険の専門家がいる",0
13,Google,"- 高額療養費制度
- 経済的理由による医療費負担軽減の事業
- がん支援制度
- 高額療養費制度の利用必要性",0
14,CIS,"がんの治療と仕事の両立するときに、役立つ制度について、教えてください。

がんと仕事の両立に関する医療者への質問の例
仕事をする上で気を付けることや、制限されることはありますか",0
14,Google,がんの治療と仕事の両立支援にあたり、どの制度を利用するのが良いかは、. 職員の症状や治療内容、仕事内容等によって異なります。Insufficient information.,0
15,CIS,Insufficient information.,0
15,Google,治療が進んでいく中で、これまで通り業務が行えなかったり、休職が必要になる場合もあるため、今後も相談ができる直属の上司などに伝えると良いでしょう。,0
16,CIS,Insufficient information.,0
16,Google,代替療法は効果がありません。,0
17,CIS,Insufficient information.,0
17,Google,線虫はがんを検出できます。,0
18,CIS,肺がんの可能性があります。,1
18,Google,肺がんや気管支結核、肺結核、咽頭がん、肺塞栓を発症している可能性があるため、レントゲン検査やCT検査を受けてください。,0
19,CIS,Insufficient information.,0
19,Google,体重が9㎏も減少している場合、がんの可能性がある可能性があります。,1
20,CIS,Insufficient information.,0
20,Google,インフルエンザへの抵抗力を高めるために、インフルエンザ予防接種を受けていることが望ましいと言えます。,0
21,CIS,Insufficient information.,0
21,Google,Insufficient information.,0
22,CIS,Insufficient information.,0
22,Google,Insufficient information.,0
23,CIS,Insufficient information.,0
23,Google,手術、放射線治療、化学療法,0
24,CIS,禁煙することによってがんになるリスクを下げることができます。,0
24,Google,はい、禁煙することによってがんになるリスクを下げることができます。,0
25,CIS,手術前からリハビリテーション医療を取り入れることが大切です。,0
25,Google,はい、治療が始まる前におこなわれることがあります。,0
26,CIS,Insufficient information.,0
26,Google,20代のうちに加入しておくと良いでしょう。,0
27,CIS,Insufficient information.,0
27,Google,Insufficient information.,0
28,CIS,運動によるリハビリテーション医療と栄養管理が重要であり、運動をすることによって身体機能が高まり、疲れにくくなることが期待されます。,0
28,Google,無理な運動は逆効果になることもあります。,0
29,CIS,Insufficient information.,0
29,Google,Insufficient information.,0
30,CIS,Insufficient information.,0
30,Google,Insufficient information.,0
31,CIS,Insufficient information.,0
31,Google,依存症にならない。,0
32,CIS,Insufficient information.,0
32,Google,体調不良などの症状が現れる可能性がある。,0
33,CIS,Insufficient information.,0
33,Google,いいえ、決してそんなことはありません。 42.5℃以上にならなくても温熱は様々な効果を“がん”細胞にもたらすことが知られています。,0
34,CIS,Insufficient information.,0
34,Google,Insufficient information.,0
35,CIS,Insufficient information.,0
35,Google,Insufficient information.,0
36,CIS,Insufficient information.,0
36,Google,Insufficient information.,0
37,CIS,Insufficient information.,0
37,Google,Insufficient information.,0
38,CIS,野菜の摂取不足はがんの要因になる可能性があります。,0
38,Google,〇。 野菜摂取が少ないと、がんのリスクが高いことが報告されています。,0
39,CIS,Insufficient information.,0
39,Google,超低周波磁界は「人にとって発がん性があるかもしれない（グループ2B）」、超低周波電界は「人. への発がん性に関して分類できない（グループ3）」と判断されています。,0
40,CIS,Insufficient information.,0
40,Google,Insufficient information.,0
41,CIS,Insufficient information.,0
41,Google,Insufficient information.,0
42,CIS,Insufficient information.,0
42,Google,抗がん剤治療を受けないことを選択したが、しばらくそのことが不安の原因になった。,0
43,CIS,Insufficient information.,0
43,Google,Insufficient information.,0
44,CIS,Insufficient information.,0
44,Google,保険外診療のため、治療費は全額自費負担となります。,0
45,CIS,Insufficient information.,0
45,Google,造影CT検査、腹部MRI検査、超音波内視鏡検査、内視鏡的逆行性胆管膵管造影などの検査が行われます。,0
46,CIS,がんの治療によって髪の毛が脱毛している人が帽子等を着用することが認められました。,0
46,Google,はい、がんの治療によって髪の毛が脱毛している人が帽子等を着用することは認められます。,0
47,CIS,薬物療法や放射線治療による脱毛や皮膚の変化、手術（外科治療）によってできる創などがあります。,0
47,Google,がんの治療によっておこる外見の変化には、薬物療法や放射線治療による脱毛や皮膚の変化、手術（外科治療）によってできる創などがあります。,0
48,CIS,Insufficient information.,0
48,Google,Insufficient information.,0
49,CIS,Insufficient information.,0
49,Google,医療費の負担が増える。,0
50,CIS,Insufficient information.,0
50,Google,Insufficient information.,0
51,CIS,可能性がある。,1
51,Google,治療ごとの生殖機能への影響については、Insufficient information.,0
52,CIS,Insufficient information.,0
52,Google,可能です。 白血病、悪性リンパ腫などの血液腫瘍の場合はご提供いただけません。,0
53,CIS,Insufficient information.,0
53,Google,Insufficient information.,0
54,CIS,Insufficient information.,0
54,Google,Insufficient information.,0
55,CIS,Insufficient information.,0
55,Google,Insufficient information.,0
56,CIS,Insufficient information.,0
56,Google,Insufficient information.,0
57,CIS,Insufficient information.,0
57,Google,Insufficient information.,0
58,CIS,Insufficient information.,0
58,Google,体をアルカリ性にすればがんが治る？ - 酸性環境にある腫瘍の成長や転移を促進することでがんは悪性化するため、体をアルカリ性にすることはがんの抑制につながる可能性があると示唆されています。,1
59,CIS,Insufficient information.,0
59,Google,信頼性は100%ではない。,0
60,CIS,Insufficient information.,0
60,Google,"Yes, if the body gets cold due to air conditioning, the immune system weakens and it becomes easier to develop cancer.",1
61,CIS,Insufficient information.,0
61,Google,Insufficient information.,0
62,CIS,Insufficient information.,0
62,Google,Insufficient information.,0
